{
	"help" : "help",
	"describe" : "describe",
	"look" : "describe",
	"looks" : "describe",
	"n" : "move north",
	"north" : "move north",
	"up" : "move north",
	"e" : "move east",
	"east" : "move east",
	"right" : "move east",
	"w" : "move west",
	"west" : "move west",
	"left" : "move west",
	"s" : "move south",
	"south" : "move south",
	"down" : "move south",
	"go" : "move",
	"move" : "move",
	"use" : "use",
	"grab" : "pickup",
	"pickup" : "pickup",
	"hurl" : "throw",
	"throw" : "throw",
	"hit" : "attack",
	"attack" : "attack",
	"strike" : "attack",
	"stab" : "attack",
	"player" : "player",
	"enemy" : "enemy",
	"man" : "enemy",
	"book" : "book",
	"knife" : "knife",
	"key": " key",
	"door" : "door",
	"gate" : "door"
}