{
	"help" : "help",
	"describe" : "describe",
	"look":"describe",
	"read":"describe",
	"examine":"describe",
	"move" : "move",
	"n" : "move north",
	"e" : "move east",
	"w" : "move west",
	"s" : "move south",
	"north" : "move north",
	"east" : "move east",
	"west" : "move west",
	"south" : "move south",
	"go" : "move",
	"pickup" : "pickup",
	"get":"pickup",
	"lift":"pickup",
	"drop":"drop",
	"equip" : "equip",
	"hold" : "equip",
	"inventory" : "inventory",
	"pack" : "inventory",
	"eat" : "eat",
	"attack" : "attack",
	"punch" : "attack",
	"stab" : "attack",
	"say" : "say",
	"speak": "say",
	"open":"open",
	"unlock":"open",
	"player" : "player",
	"enemy" : "enemy",
	"knife" : "knife",
	"key" : "key",
	"inventory" : "inventory",
	"magazines" : "magazine",
	"magazine" : "magazine",
	"book" : "book",
	"guidebook" : "book",
	"meat" : "meat",
	"meats" : "meat",
	"roast" : "meat",
	"cheese" : "cheese",
	"cheeses" : "cheese",
	"bread" : "bread",
	"grapes" : "grapes",
	"chocolate" : "chocolate",
	"barrier" : "barrier",
	"gold":"gold",
	"chest":"chest",
	"hourglass":"hourglass",
	"telescope":"telescope",
	"cross":"cross",
	"mirror":"mirror",
	"self" : "self",
	"player" : "self"
}